Renee;Murphy
Anna;Mayo
Dawn;Lyons
Hannah;Barker
Gabriella;Gonzalez
Joanna;Allen
Tammy;Wolfe
Kristen;Carey
Mallory;Perry
Donald;Sanchez
Randall;White
Veronica;Johnson
Joshua;Sims
Lisa;Todd
Richard;York
Jeffrey;Mccoy
Cory;Bell
Michael;Sanchez
Sandra;Anderson
Timothy;Mckay
Marc;Jones
Faith;Davis
Larry;Scott
Emily;Romero
Emily;Gray
Gregory;Porter
Patrick;Taylor
Douglas;Miller
Tony;Martinez
Kyle;Wall
Jake;Kramer
Beth;Ford
Juan;Mcneil
Shane;Cannon
Robert;Hall
Kenneth;Ward
Alan;George
Darren;Martinez
Evan;Mendoza
Karen;Cox
Jason;Moon
Brendan;Ferguson
Jeremy;Fleming
Randall;Hicks
Samuel;Beltran
Roberto;Higgins
Ronald;Harris
Christopher;Tran
David;Harrison
Samuel;Hunter
Jack;Thompson
Wesley;Clark
Theresa;Garcia
Heather;Baldwin
Tina;Thomas
Christopher;Hill
Debbie;Parker
Karen;Orr
Jennifer;Dickson
Douglas;Carey
Kelly;Welch
Jason;Phillips
Mary;Murphy
Rachel;White
Jenna;Long
Cassandra;Smith
Kevin;Edwards
Courtney;Holder
Ashley;Little
Thomas;Nicholson
Paul;Henson
Kelsey;Farrell
Benjamin;Marquez
Alicia;Keller
Jeffrey;Davis
Elizabeth;Sharp
Monica;Williams
James;Young
Gary;Campbell
Beth;Fowler
David;Rivera
Christopher;Walker
Mackenzie;Munoz
William;Ferguson
John;Meyers
Jack;Tran
Isaac;Vaughn
Alexis;Friedman
Ashley;Molina
Laura;Cooper
Danielle;Bailey
Kimberly;Johnson
Jessica;Fowler
Lauren;Weber
Sean;Greene
Cristian;Hall
Brenda;Kaufman
Teresa;Downs
Elizabeth;Grant
Lauren;Santos
Carmen;Lee
Joshua;Hernandez
Mark;Miller
Courtney;Sweeney
Michael;Williams
Jennifer;Rodriguez
Cory;Barrett
Megan;Palmer
Robert;Rogers
Megan;Robertson
Jessica;Cannon
Adam;Lopez
Amber;Newton
Matthew;Wright
John;Stephens
John;Dodson
Norman;Miles
James;Vang
Eric;Gonzalez
Melissa;Daniels
Marissa;Travis
Autumn;Cannon
James;Andrews
Matthew;Sims
David;Butler
Jennifer;Wade
Richard;Smith
Carmen;Huynh
Mary;Gaines
Erica;Morrison
Jill;Gomez
Jeffery;Johnson
Rachel;Snyder
Destiny;Williams
Lance;Farrell
Amanda;Berg
Brian;Rowland
Christine;Ortiz
Donna;Ballard
Melinda;Conway
Jillian;Hicks
Ronnie;Watson
Jesus;Jordan
Patricia;Brown
David;Deleon
Lauren;Cowan
Richard;Cook
Thomas;Ramirez
John;Garrison
Robin;Allison
Tammy;Johnson
Ronald;Jackson
Joshua;Gibbs
Sarah;Anderson
Justin;Foster
Sheri;Sharp
Douglas;White
Susan;York
Zachary;Hall
Rebecca;Bailey
Ashley;Nielsen
Shannon;Taylor
Melissa;Flores
Trevor;Pierce
Sharon;Bowers
Gregory;Saunders
Ronald;Walsh
Amanda;Yang
Charles;Wilson
Theresa;Cook
Jenna;Jones
Nicholas;Dennis
Mitchell;Johnson
Heather;Fowler
Tyler;Turner
Lauren;Miller
Arthur;Stewart
Steven;Jones
Joseph;Baird
Ryan;Butler
Suzanne;Cox
Jamie;Ramirez
Bradley;Dixon
Jonathon;Silva
Kathleen;Hansen
Annette;Keller
Scott;Williams
Casey;Thomas
Anthony;Hardin
Samantha;Williams
Andrew;Ellison
Bradley;Simmons
Alexander;Walker
Tammy;Meyer
Dana;Jones
Christopher;Bell
David;Sullivan
Cheryl;Wallace
Charles;Ortiz
Joshua;Walker